{"cameraMode":{"drawMode":0,"name":"Shaded","section":"Shading Mode"},"sceneLighting":true,"audioPlay":false,"sceneViewState":{"showFog":true,"showMaterialUpdate":false,"showSkybox":true,"showFlares":true,"showImageEffects":true,"showParticleSystems":true},"in2DMode":false,"pivot":{"x":21.05536651611328,"y":11.620361328125,"z":-0.038746654987335208},"rotation":{"x":-0.6757895946502686,"y":-0.030489664524793626,"z":0.02799360081553459,"w":-0.7359497547149658},"size":63.726898193359378,"orthographic":false}